theta_1,theta_2,theta_3
-0.6731656074652471,0.3460183485287719,0.4991898911336098
-0.409960757719381,0.287769297967393,0.6344625805144196
-0.0003047250567849176,-0.07099067339256729,0.5800101280035401
-0.6275807849660302,0.5071467500510912,0.68903313422807
-0.5543185858453022,0.42277971369343065,0.8634395074488951
-0.5424419858771719,0.3466671566045003,0.6914566271345629
-0.49893974494093846,0.17459127634964772,0.7710928254788993
