theta_1,theta_2,theta_3
-0.5404469759779272,0.032917072144316536,0.5350329203897841
-0.70141568,0.3416607,0.46004208
