theta_1,theta_2,theta_3
-0.5901350415285548,0.27637015556607475,0.617060000884407
-0.7329971336980687,-0.05471573954924011,0.021837784677145238
-0.6143604164952858,-0.3467519222156432,-0.335210239259399
-0.6735482846100672,0.44372368709513604,0.7141981953327566
-0.5991077103976771,0.5103185279080519,0.6772815067860307
0.036125926603499066,0.008548566648840385,0.7201284402186136
-0.32520893247764177,-0.18693863827724566,0.644441285478014
-0.5876917784932403,0.1629169761651906,0.483694952343148
-0.5509331399430736,0.2832954579419158,0.6515661592646917
